Iteration,Epoch,Val_Acc,Val_AUC
1,203,0.875,0.85433465085639
2,154,0.8625,0.582931488801054
3,21,0.8625,0.5868642951251647
4,103,0.8625,0.5808695652173914
